label,Filename
0,S74-SBR-610.txt
0,S74-SBR-611.txt
0,S12-SBR-348.txt
0,S12-SBR-349.txt
0,S12-SBR-616.txt
0,S12-SBR-617.txt
0,S12-SBR-798.txt
0,S12-SBR-799.txt
0,S29-SBR-14.txt
0,S29-SBR-15.txt
0,S29-SBR-22.txt
0,S29-SBR-23.txt
0,S29-SBR-32.txt
0,S29-SBR-33.txt
0,S29-SBR-58.txt
0,S29-SBR-59.txt
0,S29-SBR-60.txt
0,S29-SBR-61.txt
0,S29-SBR-62.txt
0,S29-SBR-63.txt
0,S29-SBR-64.txt
0,S29-SBR-65.txt
0,S29-SBR-78.txt
0,S29-SBR-79.txt
0,S29-SBR-82.txt
0,S29-SBR-83.txt
0,S29-SBR-136.txt
0,S29-SBR-137.txt
0,S29-SBR-152.txt
0,S29-SBR-153.txt
0,S29-SBR-154.txt
0,S29-SBR-155.txt
0,S29-SBR-172.txt
0,S29-SBR-173.txt
0,S29-SBR-192.txt
0,S29-SBR-193.txt
0,S29-SBR-208.txt
0,S29-SBR-209.txt
0,S29-SBR-214.txt
0,S29-SBR-215.txt
0,S29-SBR-216.txt
0,S29-SBR-217.txt
0,S29-SBR-224.txt
0,S29-SBR-225.txt
0,S29-SBR-228.txt
0,S29-SBR-229.txt
0,S29-SBR-246.txt
0,S29-SBR-247.txt
0,S29-SBR-254.txt
0,S29-SBR-255.txt
0,S29-SBR-260.txt
0,S29-SBR-261.txt
0,S29-SBR-268.txt
0,S29-SBR-269.txt
0,S29-SBR-282.txt
0,S29-SBR-283.txt
0,S29-SBR-284.txt
0,S29-SBR-285.txt
0,S29-SBR-294.txt
0,S29-SBR-295.txt
0,S29-SBR-324.txt
0,S29-SBR-325.txt
0,S29-SBR-334.txt
0,S29-SBR-335.txt
0,S29-SBR-342.txt
0,S29-SBR-343.txt
0,S29-SBR-362.txt
0,S29-SBR-363.txt
0,S29-SBR-364.txt
0,S29-SBR-365.txt
0,S29-SBR-372.txt
0,S29-SBR-373.txt
0,S29-SBR-374.txt
0,S29-SBR-375.txt
0,S29-SBR-382.txt
0,S29-SBR-383.txt
0,S29-SBR-396.txt
0,S29-SBR-397.txt
0,S29-SBR-400.txt
0,S29-SBR-401.txt
0,S29-SBR-438.txt
0,S29-SBR-439.txt
0,S29-SBR-450.txt
0,S29-SBR-451.txt
0,S29-SBR-456.txt
0,S29-SBR-457.txt
0,S29-SBR-462.txt
0,S29-SBR-463.txt
0,S29-SBR-482.txt
0,S29-SBR-483.txt
0,S29-SBR-486.txt
0,S29-SBR-487.txt
0,S29-SBR-494.txt
0,S29-SBR-495.txt
0,S29-SBR-508.txt
0,S29-SBR-509.txt
0,S29-SBR-532.txt
0,S29-SBR-533.txt
0,S29-SBR-534.txt
0,S29-SBR-535.txt
0,S29-SBR-540.txt
0,S29-SBR-541.txt
0,S29-SBR-542.txt
0,S29-SBR-543.txt
0,S29-SBR-544.txt
0,S29-SBR-545.txt
0,S29-SBR-550.txt
0,S29-SBR-551.txt
0,S29-SBR-556.txt
0,S29-SBR-557.txt
0,S29-SBR-578.txt
0,S29-SBR-579.txt
0,S29-SBR-580.txt
0,S29-SBR-581.txt
0,S29-SBR-592.txt
0,S29-SBR-593.txt
0,S29-SBR-618.txt
0,S29-SBR-619.txt
0,S29-SBR-628.txt
0,S29-SBR-629.txt
0,S29-SBR-630.txt
0,S29-SBR-631.txt
0,S29-SBR-674.txt
0,S29-SBR-675.txt
0,S29-SBR-676.txt
0,S29-SBR-677.txt
0,S29-SBR-680.txt
0,S29-SBR-681.txt
0,S29-SBR-696.txt
0,S29-SBR-697.txt
0,S29-SBR-702.txt
0,S29-SBR-703.txt
0,S29-SBR-714.txt
0,S29-SBR-715.txt
0,S29-SBR-718.txt
0,S29-SBR-719.txt
0,S29-SBR-726.txt
0,S29-SBR-727.txt
0,S29-SBR-768.txt
0,S29-SBR-769.txt
0,S29-SBR-770.txt
0,S29-SBR-771.txt
0,S29-SBR-772.txt
0,S29-SBR-773.txt
0,S29-SBR-788.txt
0,S29-SBR-789.txt
0,S29-SBR-790.txt
0,S29-SBR-791.txt
0,S29-SBR-796.txt
0,S29-SBR-797.txt
0,S29-SBR-798.txt
0,S29-SBR-799.txt
0,S61-SBR-16.txt
0,S61-SBR-17.txt
0,S61-SBR-20.txt
0,S61-SBR-21.txt
0,S61-SBR-30.txt
0,S61-SBR-31.txt
0,S61-SBR-48.txt
0,S61-SBR-49.txt
0,S61-SBR-56.txt
0,S61-SBR-57.txt
0,S61-SBR-110.txt
0,S61-SBR-111.txt
0,S61-SBR-114.txt
0,S61-SBR-115.txt
0,S61-SBR-146.txt
0,S61-SBR-147.txt
0,S61-SBR-150.txt
0,S61-SBR-151.txt
0,S61-SBR-204.txt
0,S61-SBR-205.txt
0,S61-SBR-218.txt
0,S61-SBR-219.txt
0,S61-SBR-262.txt
0,S61-SBR-263.txt
0,S61-SBR-264.txt
0,S61-SBR-265.txt
0,S61-SBR-300.txt
0,S61-SBR-301.txt
0,S61-SBR-306.txt
0,S61-SBR-307.txt
0,S61-SBR-446.txt
0,S61-SBR-447.txt
0,S61-SBR-480.txt
0,S61-SBR-481.txt
0,S61-SBR-492.txt
0,S61-SBR-493.txt
0,S61-SBR-502.txt
0,S61-SBR-503.txt
0,S61-SBR-542.txt
0,S61-SBR-543.txt
0,S61-SBR-606.txt
0,S61-SBR-607.txt
0,S61-SBR-632.txt
0,S61-SBR-633.txt
0,S61-SBR-634.txt
0,S61-SBR-635.txt
0,S61-SBR-650.txt
0,S61-SBR-651.txt
0,S61-SBR-658.txt
0,S61-SBR-659.txt
0,S61-SBR-664.txt
0,S61-SBR-665.txt
0,S61-SBR-666.txt
0,S61-SBR-667.txt
0,S61-SBR-668.txt
0,S61-SBR-669.txt
0,S61-SBR-672.txt
0,S61-SBR-673.txt
0,S61-SBR-706.txt
0,S61-SBR-707.txt
0,S61-SBR-748.txt
0,S61-SBR-749.txt
0,S61-SBR-752.txt
0,S61-SBR-753.txt
0,S61-SBR-784.txt
0,S61-SBR-785.txt
0,S30-SBR-0.txt
0,S30-SBR-1.txt
0,S30-SBR-18.txt
0,S30-SBR-19.txt
0,S30-SBR-26.txt
0,S30-SBR-27.txt
0,S30-SBR-32.txt
0,S30-SBR-33.txt
0,S30-SBR-34.txt
0,S30-SBR-35.txt
0,S30-SBR-42.txt
0,S30-SBR-43.txt
0,S30-SBR-46.txt
0,S30-SBR-47.txt
0,S30-SBR-48.txt
0,S30-SBR-49.txt
0,S30-SBR-50.txt
0,S30-SBR-51.txt
0,S30-SBR-54.txt
0,S30-SBR-55.txt
0,S30-SBR-86.txt
0,S30-SBR-87.txt
0,S30-SBR-140.txt
0,S30-SBR-141.txt
0,S30-SBR-142.txt
0,S30-SBR-143.txt
0,S30-SBR-146.txt
0,S30-SBR-147.txt
0,S30-SBR-148.txt
0,S30-SBR-149.txt
0,S30-SBR-154.txt
0,S30-SBR-155.txt
0,S30-SBR-162.txt
0,S30-SBR-163.txt
0,S30-SBR-178.txt
0,S30-SBR-179.txt
0,S30-SBR-184.txt
0,S30-SBR-185.txt
0,S30-SBR-206.txt
0,S30-SBR-207.txt
0,S30-SBR-218.txt
0,S30-SBR-219.txt
0,S30-SBR-258.txt
0,S30-SBR-259.txt
0,S30-SBR-274.txt
0,S30-SBR-275.txt
0,S30-SBR-280.txt
0,S30-SBR-281.txt
0,S30-SBR-282.txt
0,S30-SBR-283.txt
0,S30-SBR-284.txt
0,S30-SBR-285.txt
0,S30-SBR-294.txt
0,S30-SBR-295.txt
0,S30-SBR-302.txt
0,S30-SBR-303.txt
0,S30-SBR-310.txt
0,S30-SBR-311.txt
0,S30-SBR-316.txt
0,S30-SBR-317.txt
0,S30-SBR-324.txt
0,S30-SBR-325.txt
0,S30-SBR-328.txt
0,S30-SBR-329.txt
0,S30-SBR-342.txt
0,S30-SBR-343.txt
0,S30-SBR-346.txt
0,S30-SBR-347.txt
0,S30-SBR-350.txt
0,S30-SBR-351.txt
0,S30-SBR-356.txt
0,S30-SBR-357.txt
0,S30-SBR-362.txt
0,S30-SBR-363.txt
0,S30-SBR-394.txt
0,S30-SBR-395.txt
0,S30-SBR-406.txt
0,S30-SBR-407.txt
0,S30-SBR-422.txt
0,S30-SBR-423.txt
0,S30-SBR-430.txt
0,S30-SBR-431.txt
0,S30-SBR-440.txt
0,S30-SBR-441.txt
0,S30-SBR-454.txt
0,S30-SBR-455.txt
0,S30-SBR-480.txt
0,S30-SBR-481.txt
0,S30-SBR-500.txt
0,S30-SBR-501.txt
0,S30-SBR-506.txt
0,S30-SBR-507.txt
0,S30-SBR-510.txt
0,S30-SBR-511.txt
0,S30-SBR-522.txt
0,S30-SBR-523.txt
0,S30-SBR-534.txt
0,S30-SBR-535.txt
0,S30-SBR-560.txt
0,S30-SBR-561.txt
0,S30-SBR-566.txt
0,S30-SBR-567.txt
0,S30-SBR-574.txt
0,S30-SBR-575.txt
0,S30-SBR-576.txt
0,S30-SBR-577.txt
0,S30-SBR-612.txt
0,S30-SBR-613.txt
0,S30-SBR-616.txt
0,S30-SBR-617.txt
0,S30-SBR-630.txt
0,S30-SBR-631.txt
0,S30-SBR-662.txt
0,S30-SBR-663.txt
0,S30-SBR-686.txt
0,S30-SBR-687.txt
0,S30-SBR-694.txt
0,S30-SBR-695.txt
0,S30-SBR-696.txt
0,S30-SBR-697.txt
0,S30-SBR-726.txt
0,S30-SBR-727.txt
0,S30-SBR-732.txt
0,S30-SBR-733.txt
0,S30-SBR-748.txt
0,S30-SBR-749.txt
0,S30-SBR-750.txt
0,S30-SBR-751.txt
0,S30-SBR-752.txt
0,S30-SBR-753.txt
0,S30-SBR-754.txt
0,S30-SBR-755.txt
0,S30-SBR-758.txt
0,S30-SBR-759.txt
0,S30-SBR-770.txt
0,S30-SBR-771.txt
0,S30-SBR-792.txt
0,S30-SBR-793.txt
0,S30-SBR-796.txt
0,S30-SBR-797.txt
0,S31-SBR-38.txt
0,S31-SBR-39.txt
0,S31-SBR-134.txt
0,S31-SBR-135.txt
0,S31-SBR-236.txt
0,S31-SBR-237.txt
0,S31-SBR-252.txt
0,S31-SBR-253.txt
0,S31-SBR-420.txt
0,S31-SBR-421.txt
0,S31-SBR-514.txt
0,S31-SBR-515.txt
0,S31-SBR-782.txt
0,S31-SBR-783.txt
0,S73-SBR-0.txt
0,S73-SBR-1.txt
0,S73-SBR-4.txt
0,S73-SBR-5.txt
0,S73-SBR-14.txt
0,S73-SBR-15.txt
0,S73-SBR-16.txt
0,S73-SBR-17.txt
0,S73-SBR-18.txt
0,S73-SBR-19.txt
0,S73-SBR-28.txt
0,S73-SBR-29.txt
0,S73-SBR-40.txt
0,S73-SBR-41.txt
0,S73-SBR-42.txt
0,S73-SBR-43.txt
0,S73-SBR-52.txt
0,S73-SBR-53.txt
0,S73-SBR-54.txt
0,S73-SBR-55.txt
0,S73-SBR-64.txt
0,S73-SBR-65.txt
0,S73-SBR-80.txt
0,S73-SBR-81.txt
0,S73-SBR-92.txt
0,S73-SBR-93.txt
0,S73-SBR-94.txt
0,S73-SBR-95.txt
0,S73-SBR-98.txt
0,S73-SBR-99.txt
0,S73-SBR-102.txt
0,S73-SBR-103.txt
0,S73-SBR-122.txt
0,S73-SBR-123.txt
0,S73-SBR-132.txt
0,S73-SBR-133.txt
0,S73-SBR-148.txt
0,S73-SBR-149.txt
0,S73-SBR-158.txt
0,S73-SBR-159.txt
0,S73-SBR-160.txt
0,S73-SBR-161.txt
0,S73-SBR-168.txt
0,S73-SBR-169.txt
0,S73-SBR-180.txt
0,S73-SBR-181.txt
0,S73-SBR-192.txt
0,S73-SBR-193.txt
0,S73-SBR-194.txt
0,S73-SBR-195.txt
0,S73-SBR-200.txt
0,S73-SBR-201.txt
0,S73-SBR-206.txt
0,S73-SBR-207.txt
0,S73-SBR-210.txt
0,S73-SBR-211.txt
0,S73-SBR-220.txt
0,S73-SBR-221.txt
0,S73-SBR-242.txt
0,S73-SBR-243.txt
0,S73-SBR-264.txt
0,S73-SBR-265.txt
0,S73-SBR-290.txt
0,S73-SBR-291.txt
0,S73-SBR-300.txt
0,S73-SBR-301.txt
0,S73-SBR-302.txt
0,S73-SBR-303.txt
0,S73-SBR-314.txt
0,S73-SBR-315.txt
0,S73-SBR-320.txt
0,S73-SBR-321.txt
0,S73-SBR-328.txt
0,S73-SBR-329.txt
0,S73-SBR-334.txt
0,S73-SBR-335.txt
0,S73-SBR-344.txt
0,S73-SBR-345.txt
0,S73-SBR-346.txt
0,S73-SBR-347.txt
0,S73-SBR-362.txt
0,S73-SBR-363.txt
0,S73-SBR-374.txt
0,S73-SBR-375.txt
0,S73-SBR-382.txt
0,S73-SBR-383.txt
0,S73-SBR-386.txt
0,S73-SBR-387.txt
0,S73-SBR-390.txt
0,S73-SBR-391.txt
0,S73-SBR-394.txt
0,S73-SBR-395.txt
0,S73-SBR-400.txt
0,S73-SBR-401.txt
0,S73-SBR-410.txt
0,S73-SBR-411.txt
0,S73-SBR-424.txt
0,S73-SBR-425.txt
0,S73-SBR-436.txt
0,S73-SBR-437.txt
0,S73-SBR-438.txt
0,S73-SBR-439.txt
0,S73-SBR-448.txt
0,S73-SBR-449.txt
0,S73-SBR-452.txt
0,S73-SBR-453.txt
0,S73-SBR-456.txt
0,S73-SBR-457.txt
0,S73-SBR-464.txt
0,S73-SBR-465.txt
0,S73-SBR-498.txt
0,S73-SBR-499.txt
0,S73-SBR-512.txt
0,S73-SBR-513.txt
0,S73-SBR-516.txt
0,S73-SBR-517.txt
0,S73-SBR-520.txt
0,S73-SBR-521.txt
0,S73-SBR-524.txt
0,S73-SBR-525.txt
0,S73-SBR-532.txt
0,S73-SBR-533.txt
0,S73-SBR-536.txt
0,S73-SBR-537.txt
0,S73-SBR-538.txt
0,S73-SBR-539.txt
0,S73-SBR-542.txt
0,S73-SBR-543.txt
0,S73-SBR-552.txt
0,S73-SBR-553.txt
0,S73-SBR-560.txt
0,S73-SBR-561.txt
0,S73-SBR-566.txt
0,S73-SBR-567.txt
0,S73-SBR-568.txt
0,S73-SBR-569.txt
0,S73-SBR-572.txt
0,S73-SBR-573.txt
0,S73-SBR-580.txt
0,S73-SBR-581.txt
0,S73-SBR-602.txt
0,S73-SBR-603.txt
0,S73-SBR-616.txt
0,S73-SBR-617.txt
0,S73-SBR-622.txt
0,S73-SBR-623.txt
0,S73-SBR-628.txt
0,S73-SBR-629.txt
0,S73-SBR-640.txt
0,S73-SBR-641.txt
0,S73-SBR-654.txt
0,S73-SBR-655.txt
0,S73-SBR-664.txt
0,S73-SBR-665.txt
0,S73-SBR-694.txt
0,S73-SBR-695.txt
0,S73-SBR-710.txt
0,S73-SBR-711.txt
0,S73-SBR-730.txt
0,S73-SBR-731.txt
0,S73-SBR-742.txt
0,S73-SBR-743.txt
0,S73-SBR-748.txt
0,S73-SBR-749.txt
0,S73-SBR-758.txt
0,S73-SBR-759.txt
0,S73-SBR-762.txt
0,S73-SBR-763.txt
0,S73-SBR-764.txt
0,S73-SBR-765.txt
0,S73-SBR-768.txt
0,S73-SBR-769.txt
0,S10-SBR-0.txt
0,S10-SBR-1.txt
0,S10-SBR-6.txt
0,S10-SBR-7.txt
0,S10-SBR-18.txt
0,S10-SBR-19.txt
0,S10-SBR-28.txt
0,S10-SBR-29.txt
0,S10-SBR-34.txt
0,S10-SBR-35.txt
0,S10-SBR-40.txt
0,S10-SBR-41.txt
0,S10-SBR-46.txt
0,S10-SBR-47.txt
0,S10-SBR-50.txt
0,S10-SBR-51.txt
0,S10-SBR-52.txt
0,S10-SBR-53.txt
0,S10-SBR-56.txt
0,S10-SBR-57.txt
0,S10-SBR-64.txt
0,S10-SBR-65.txt
0,S10-SBR-66.txt
0,S10-SBR-67.txt
0,S10-SBR-68.txt
0,S10-SBR-69.txt
0,S10-SBR-70.txt
0,S10-SBR-71.txt
0,S10-SBR-82.txt
0,S10-SBR-83.txt
0,S10-SBR-86.txt
0,S10-SBR-87.txt
0,S10-SBR-90.txt
0,S10-SBR-91.txt
0,S10-SBR-96.txt
0,S10-SBR-97.txt
0,S10-SBR-98.txt
0,S10-SBR-99.txt
0,S10-SBR-102.txt
0,S10-SBR-103.txt
0,S10-SBR-108.txt
0,S10-SBR-109.txt
0,S10-SBR-118.txt
0,S10-SBR-119.txt
0,S10-SBR-120.txt
0,S10-SBR-121.txt
0,S10-SBR-122.txt
0,S10-SBR-123.txt
0,S10-SBR-124.txt
0,S10-SBR-125.txt
0,S10-SBR-132.txt
0,S10-SBR-133.txt
0,S10-SBR-152.txt
0,S10-SBR-153.txt
0,S10-SBR-154.txt
0,S10-SBR-155.txt
0,S10-SBR-168.txt
0,S10-SBR-169.txt
0,S10-SBR-174.txt
0,S10-SBR-175.txt
0,S10-SBR-178.txt
0,S10-SBR-179.txt
0,S10-SBR-204.txt
0,S10-SBR-205.txt
0,S10-SBR-248.txt
0,S10-SBR-249.txt
0,S10-SBR-250.txt
0,S10-SBR-251.txt
0,S10-SBR-264.txt
0,S10-SBR-265.txt
0,S10-SBR-274.txt
0,S10-SBR-275.txt
0,S10-SBR-282.txt
0,S10-SBR-283.txt
0,S10-SBR-290.txt
0,S10-SBR-291.txt
0,S10-SBR-302.txt
0,S10-SBR-303.txt
0,S10-SBR-318.txt
0,S10-SBR-319.txt
0,S10-SBR-326.txt
0,S10-SBR-327.txt
0,S10-SBR-330.txt
0,S10-SBR-331.txt
0,S10-SBR-334.txt
0,S10-SBR-335.txt
0,S10-SBR-340.txt
0,S10-SBR-341.txt
0,S10-SBR-346.txt
0,S10-SBR-347.txt
0,S10-SBR-352.txt
0,S10-SBR-353.txt
0,S10-SBR-372.txt
0,S10-SBR-373.txt
0,S10-SBR-374.txt
0,S10-SBR-375.txt
0,S10-SBR-378.txt
0,S10-SBR-379.txt
0,S10-SBR-384.txt
0,S10-SBR-385.txt
0,S10-SBR-388.txt
0,S10-SBR-389.txt
0,S10-SBR-396.txt
0,S10-SBR-397.txt
0,S10-SBR-400.txt
0,S10-SBR-401.txt
0,S10-SBR-402.txt
0,S10-SBR-403.txt
0,S10-SBR-404.txt
0,S10-SBR-405.txt
0,S10-SBR-412.txt
0,S10-SBR-413.txt
0,S10-SBR-416.txt
0,S10-SBR-417.txt
0,S10-SBR-428.txt
0,S10-SBR-429.txt
0,S10-SBR-434.txt
0,S10-SBR-435.txt
0,S10-SBR-440.txt
0,S10-SBR-441.txt
0,S10-SBR-456.txt
0,S10-SBR-457.txt
0,S10-SBR-458.txt
0,S10-SBR-459.txt
0,S10-SBR-466.txt
0,S10-SBR-467.txt
0,S10-SBR-468.txt
0,S10-SBR-469.txt
0,S10-SBR-470.txt
0,S10-SBR-471.txt
0,S10-SBR-478.txt
0,S10-SBR-479.txt
0,S10-SBR-488.txt
0,S10-SBR-489.txt
0,S10-SBR-492.txt
0,S10-SBR-493.txt
0,S10-SBR-494.txt
0,S10-SBR-495.txt
0,S10-SBR-496.txt
0,S10-SBR-497.txt
0,S10-SBR-498.txt
0,S10-SBR-499.txt
0,S10-SBR-502.txt
0,S10-SBR-503.txt
0,S10-SBR-508.txt
0,S10-SBR-509.txt
0,S10-SBR-516.txt
0,S10-SBR-517.txt
0,S10-SBR-528.txt
0,S10-SBR-529.txt
0,S10-SBR-536.txt
0,S10-SBR-537.txt
0,S10-SBR-538.txt
0,S10-SBR-539.txt
0,S10-SBR-544.txt
0,S10-SBR-545.txt
0,S10-SBR-550.txt
0,S10-SBR-551.txt
0,S10-SBR-558.txt
0,S10-SBR-559.txt
0,S10-SBR-560.txt
0,S10-SBR-561.txt
0,S10-SBR-562.txt
0,S10-SBR-563.txt
0,S10-SBR-572.txt
0,S10-SBR-573.txt
0,S10-SBR-576.txt
0,S10-SBR-577.txt
0,S10-SBR-578.txt
0,S10-SBR-579.txt
0,S10-SBR-582.txt
0,S10-SBR-583.txt
0,S10-SBR-588.txt
0,S10-SBR-589.txt
0,S10-SBR-598.txt
0,S10-SBR-599.txt
0,S10-SBR-602.txt
0,S10-SBR-603.txt
0,S10-SBR-604.txt
0,S10-SBR-605.txt
0,S10-SBR-610.txt
0,S10-SBR-611.txt
0,S10-SBR-618.txt
0,S10-SBR-619.txt
0,S10-SBR-626.txt
0,S10-SBR-627.txt
0,S10-SBR-628.txt
0,S10-SBR-629.txt
0,S10-SBR-630.txt
0,S10-SBR-631.txt
0,S10-SBR-634.txt
0,S10-SBR-635.txt
0,S10-SBR-642.txt
0,S10-SBR-643.txt
0,S10-SBR-646.txt
0,S10-SBR-647.txt
0,S10-SBR-658.txt
0,S10-SBR-659.txt
0,S10-SBR-664.txt
0,S10-SBR-665.txt
0,S10-SBR-678.txt
0,S10-SBR-679.txt
0,S10-SBR-682.txt
0,S10-SBR-683.txt
0,S10-SBR-692.txt
0,S10-SBR-693.txt
0,S10-SBR-696.txt
0,S10-SBR-697.txt
0,S10-SBR-698.txt
0,S10-SBR-699.txt
0,S10-SBR-702.txt
0,S10-SBR-703.txt
0,S10-SBR-710.txt
0,S10-SBR-711.txt
0,S10-SBR-712.txt
0,S10-SBR-713.txt
0,S10-SBR-716.txt
0,S10-SBR-717.txt
0,S10-SBR-718.txt
0,S10-SBR-719.txt
0,S10-SBR-720.txt
0,S10-SBR-721.txt
0,S10-SBR-726.txt
0,S10-SBR-727.txt
0,S10-SBR-732.txt
0,S10-SBR-733.txt
0,S10-SBR-734.txt
0,S10-SBR-735.txt
0,S10-SBR-738.txt
0,S10-SBR-739.txt
0,S10-SBR-748.txt
0,S10-SBR-749.txt
0,S10-SBR-758.txt
0,S10-SBR-759.txt
0,S10-SBR-764.txt
0,S10-SBR-765.txt
0,S10-SBR-766.txt
0,S10-SBR-767.txt
0,S10-SBR-768.txt
0,S10-SBR-769.txt
0,S10-SBR-774.txt
0,S10-SBR-775.txt
0,S10-SBR-788.txt
0,S10-SBR-789.txt
0,S10-SBR-792.txt
0,S10-SBR-793.txt
0,S10-SBR-794.txt
0,S10-SBR-795.txt
0,S10-SBR-796.txt
0,S10-SBR-797.txt
0,S10-SBR-798.txt
0,S10-SBR-799.txt
0,S1-SBR-126.txt
0,S1-SBR-127.txt
0,S1-SBR-134.txt
0,S1-SBR-135.txt
0,S1-SBR-384.txt
0,S1-SBR-385.txt
0,S1-SBR-548.txt
0,S1-SBR-549.txt
0,S1-SBR-690.txt
0,S1-SBR-691.txt
0,S20-SBR-0.txt
0,S20-SBR-1.txt
0,S20-SBR-60.txt
0,S20-SBR-61.txt
0,S20-SBR-84.txt
0,S20-SBR-85.txt
0,S20-SBR-96.txt
0,S20-SBR-97.txt
0,S20-SBR-124.txt
0,S20-SBR-125.txt
0,S20-SBR-154.txt
0,S20-SBR-155.txt
0,S20-SBR-162.txt
0,S20-SBR-163.txt
0,S20-SBR-274.txt
0,S20-SBR-275.txt
0,S20-SBR-300.txt
0,S20-SBR-301.txt
0,S20-SBR-404.txt
0,S20-SBR-405.txt
0,S20-SBR-424.txt
0,S20-SBR-425.txt
0,S20-SBR-536.txt
0,S20-SBR-537.txt
0,S20-SBR-558.txt
0,S20-SBR-559.txt
0,S20-SBR-596.txt
0,S20-SBR-597.txt
0,S20-SBR-640.txt
0,S20-SBR-641.txt
0,S20-SBR-692.txt
0,S20-SBR-693.txt
0,S20-SBR-794.txt
0,S20-SBR-795.txt
0,S28-SBR-44.txt
0,S28-SBR-45.txt
0,S28-SBR-48.txt
0,S28-SBR-49.txt
0,S28-SBR-80.txt
0,S28-SBR-81.txt
0,S28-SBR-98.txt
0,S28-SBR-99.txt
0,S28-SBR-150.txt
0,S28-SBR-151.txt
0,S28-SBR-212.txt
0,S28-SBR-213.txt
0,S28-SBR-234.txt
0,S28-SBR-235.txt
0,S28-SBR-246.txt
0,S28-SBR-247.txt
0,S28-SBR-310.txt
0,S28-SBR-311.txt
0,S28-SBR-336.txt
0,S28-SBR-337.txt
0,S28-SBR-354.txt
0,S28-SBR-355.txt
0,S28-SBR-356.txt
0,S28-SBR-357.txt
0,S28-SBR-358.txt
0,S28-SBR-359.txt
0,S28-SBR-406.txt
0,S28-SBR-407.txt
0,S28-SBR-410.txt
0,S28-SBR-411.txt
0,S28-SBR-454.txt
0,S28-SBR-455.txt
0,S28-SBR-482.txt
0,S28-SBR-483.txt
0,S28-SBR-532.txt
0,S28-SBR-533.txt
0,S28-SBR-544.txt
0,S28-SBR-545.txt
0,S28-SBR-618.txt
0,S28-SBR-619.txt
0,S28-SBR-646.txt
0,S28-SBR-647.txt
0,S28-SBR-654.txt
0,S28-SBR-655.txt
0,S28-SBR-678.txt
0,S28-SBR-679.txt
0,S28-SBR-700.txt
0,S28-SBR-701.txt
0,S28-SBR-732.txt
0,S28-SBR-733.txt
0,S28-SBR-756.txt
0,S28-SBR-757.txt
0,S28-SBR-766.txt
0,S28-SBR-767.txt
0,S28-SBR-768.txt
0,S28-SBR-769.txt
0,S28-SBR-782.txt
0,S28-SBR-783.txt
0,S28-SBR-796.txt
0,S28-SBR-797.txt
0,S11-SBR-0.txt
0,S11-SBR-1.txt
0,S11-SBR-2.txt
0,S11-SBR-3.txt
0,S11-SBR-4.txt
0,S11-SBR-5.txt
0,S11-SBR-6.txt
0,S11-SBR-7.txt
0,S11-SBR-8.txt
0,S11-SBR-9.txt
0,S11-SBR-10.txt
0,S11-SBR-11.txt
0,S11-SBR-12.txt
0,S11-SBR-13.txt
0,S11-SBR-14.txt
0,S11-SBR-15.txt
0,S11-SBR-16.txt
0,S11-SBR-17.txt
0,S11-SBR-18.txt
0,S11-SBR-19.txt
0,S11-SBR-20.txt
0,S11-SBR-21.txt
0,S11-SBR-22.txt
0,S11-SBR-23.txt
0,S11-SBR-24.txt
0,S11-SBR-25.txt
0,S11-SBR-26.txt
0,S11-SBR-27.txt
0,S11-SBR-28.txt
0,S11-SBR-29.txt
0,S11-SBR-30.txt
0,S11-SBR-31.txt
0,S11-SBR-32.txt
0,S11-SBR-33.txt
0,S11-SBR-34.txt
0,S11-SBR-35.txt
0,S11-SBR-36.txt
0,S11-SBR-37.txt
0,S11-SBR-38.txt
0,S11-SBR-39.txt
0,S11-SBR-40.txt
0,S11-SBR-41.txt
0,S11-SBR-42.txt
0,S11-SBR-43.txt
0,S11-SBR-44.txt
0,S11-SBR-45.txt
0,S11-SBR-46.txt
0,S11-SBR-47.txt
0,S11-SBR-48.txt
0,S11-SBR-49.txt
0,S11-SBR-50.txt
0,S11-SBR-51.txt
0,S11-SBR-52.txt
0,S11-SBR-53.txt
0,S11-SBR-54.txt
0,S11-SBR-55.txt
0,S11-SBR-56.txt
0,S11-SBR-57.txt
0,S11-SBR-58.txt
0,S11-SBR-59.txt
0,S11-SBR-60.txt
0,S11-SBR-61.txt
0,S11-SBR-62.txt
0,S11-SBR-63.txt
0,S11-SBR-64.txt
0,S11-SBR-65.txt
0,S11-SBR-66.txt
0,S11-SBR-67.txt
0,S11-SBR-68.txt
0,S11-SBR-69.txt
0,S11-SBR-70.txt
0,S11-SBR-71.txt
0,S11-SBR-72.txt
0,S11-SBR-73.txt
0,S11-SBR-74.txt
0,S11-SBR-75.txt
0,S11-SBR-76.txt
0,S11-SBR-77.txt
0,S11-SBR-78.txt
0,S11-SBR-79.txt
0,S11-SBR-80.txt
0,S11-SBR-81.txt
0,S11-SBR-82.txt
0,S11-SBR-83.txt
0,S11-SBR-84.txt
0,S11-SBR-85.txt
0,S11-SBR-86.txt
0,S11-SBR-87.txt
0,S11-SBR-88.txt
0,S11-SBR-89.txt
0,S11-SBR-90.txt
0,S11-SBR-91.txt
0,S11-SBR-92.txt
0,S11-SBR-93.txt
0,S11-SBR-94.txt
0,S11-SBR-95.txt
0,S11-SBR-96.txt
0,S11-SBR-97.txt
0,S36-SBR-6.txt
0,S36-SBR-7.txt
0,S36-SBR-42.txt
0,S36-SBR-43.txt
0,S36-SBR-46.txt
0,S36-SBR-47.txt
0,S36-SBR-68.txt
0,S36-SBR-69.txt
0,S36-SBR-82.txt
0,S36-SBR-83.txt
0,S36-SBR-174.txt
0,S36-SBR-175.txt
0,S36-SBR-196.txt
0,S36-SBR-197.txt
0,S36-SBR-228.txt
0,S36-SBR-229.txt
0,S36-SBR-282.txt
0,S36-SBR-283.txt
0,S36-SBR-312.txt
0,S36-SBR-313.txt
0,S36-SBR-332.txt
0,S36-SBR-333.txt
0,S36-SBR-388.txt
0,S36-SBR-389.txt
0,S36-SBR-478.txt
0,S36-SBR-479.txt
0,S36-SBR-520.txt
0,S36-SBR-521.txt
0,S36-SBR-598.txt
0,S36-SBR-599.txt
0,S36-SBR-662.txt
0,S36-SBR-663.txt
0,S36-SBR-676.txt
0,S36-SBR-677.txt
0,S36-SBR-680.txt
0,S36-SBR-681.txt
0,S36-SBR-730.txt
0,S36-SBR-731.txt
0,S36-SBR-780.txt
0,S36-SBR-781.txt
0,S23-SBR-330.txt
0,S23-SBR-331.txt
0,S23-SBR-492.txt
0,S23-SBR-493.txt
0,S22-SBR-646.txt
0,S22-SBR-647.txt
0,S22-SBR-648.txt
0,S22-SBR-649.txt
0,S22-SBR-650.txt
0,S22-SBR-651.txt
0,S22-SBR-652.txt
0,S22-SBR-653.txt
0,S22-SBR-654.txt
0,S22-SBR-655.txt
0,S22-SBR-656.txt
0,S22-SBR-657.txt
0,S22-SBR-658.txt
0,S22-SBR-659.txt
0,S22-SBR-660.txt
0,S22-SBR-661.txt
0,S22-SBR-662.txt
0,S22-SBR-663.txt
0,S22-SBR-664.txt
0,S22-SBR-665.txt
0,S22-SBR-666.txt
0,S22-SBR-667.txt
0,S22-SBR-668.txt
0,S22-SBR-669.txt
0,S22-SBR-670.txt
0,S22-SBR-671.txt
0,S22-SBR-672.txt
0,S22-SBR-673.txt
0,S22-SBR-674.txt
0,S22-SBR-675.txt
0,S22-SBR-676.txt
0,S22-SBR-677.txt
0,S22-SBR-678.txt
0,S22-SBR-679.txt
0,S22-SBR-680.txt
0,S22-SBR-681.txt
0,S22-SBR-682.txt
0,S22-SBR-683.txt
0,S22-SBR-684.txt
0,S22-SBR-685.txt
0,S22-SBR-686.txt
0,S22-SBR-687.txt
0,S22-SBR-688.txt
0,S22-SBR-689.txt
0,S22-SBR-690.txt
0,S22-SBR-691.txt
0,S22-SBR-692.txt
0,S22-SBR-693.txt
0,S22-SBR-694.txt
0,S22-SBR-695.txt
0,S22-SBR-696.txt
0,S22-SBR-697.txt
0,S22-SBR-698.txt
0,S22-SBR-699.txt
0,S22-SBR-700.txt
0,S22-SBR-701.txt
0,S22-SBR-702.txt
0,S22-SBR-703.txt
0,S22-SBR-704.txt
0,S22-SBR-705.txt
0,S22-SBR-706.txt
0,S22-SBR-707.txt
0,S22-SBR-708.txt
0,S22-SBR-709.txt
0,S22-SBR-710.txt
0,S22-SBR-711.txt
0,S22-SBR-712.txt
0,S22-SBR-713.txt
0,S22-SBR-714.txt
0,S22-SBR-715.txt
0,S22-SBR-716.txt
0,S22-SBR-717.txt
0,S22-SBR-718.txt
0,S22-SBR-719.txt
0,S22-SBR-720.txt
0,S22-SBR-721.txt
0,S22-SBR-722.txt
0,S22-SBR-723.txt
0,S22-SBR-724.txt
0,S22-SBR-725.txt
0,S22-SBR-726.txt
0,S22-SBR-727.txt
0,S22-SBR-728.txt
0,S22-SBR-729.txt
0,S22-SBR-730.txt
0,S22-SBR-731.txt
0,S22-SBR-732.txt
0,S22-SBR-733.txt
0,S22-SBR-734.txt
0,S22-SBR-735.txt
0,S22-SBR-736.txt
0,S22-SBR-737.txt
0,S22-SBR-738.txt
0,S22-SBR-739.txt
0,S22-SBR-740.txt
0,S22-SBR-741.txt
0,S22-SBR-742.txt
0,S22-SBR-743.txt
0,S22-SBR-744.txt
0,S22-SBR-745.txt
0,S22-SBR-746.txt
0,S22-SBR-747.txt
0,S22-SBR-748.txt
0,S22-SBR-749.txt
0,S22-SBR-750.txt
0,S22-SBR-751.txt
0,S22-SBR-752.txt
0,S22-SBR-753.txt
0,S22-SBR-754.txt
0,S22-SBR-755.txt
0,S22-SBR-756.txt
0,S22-SBR-757.txt
0,S22-SBR-758.txt
0,S22-SBR-759.txt
0,S22-SBR-760.txt
0,S22-SBR-761.txt
0,S22-SBR-762.txt
0,S22-SBR-763.txt
0,S22-SBR-764.txt
0,S22-SBR-765.txt
0,S22-SBR-766.txt
0,S22-SBR-767.txt
0,S22-SBR-768.txt
0,S22-SBR-769.txt
0,S35-SBR-444.txt
0,S35-SBR-445.txt
0,S35-SBR-460.txt
0,S35-SBR-461.txt
0,S35-SBR-508.txt
0,S35-SBR-509.txt
